[{"id": "0f27223f", "name": "Back Extensions", "muscle": ["lower back"], "type": "3", "url": "https://youtu.be/ph3pddpKzzw", "description": "1. Place your thighs on the pad.  Bend your knees slightly and secure your feet, keeping them in line with your knees. Extend your arms toward the floor.\n\n2. Exhale and move up until your shoulders, spine, and hips are in line. Engage your core and gently slide your shoulders back.\n\n3. Inhale and bend down from your waist. Touch the floor.\n\n4. Complete the desired number of reps and sets.", "link": "https://www.healthline.com/health/back-extension-exercise#on-a-bench"},
{"id": "cb955f00", "name": "Barbell Bench Press", "muscle": ["chest"], "type": "3", "url": "https://youtu.be/sdKvL7zvCQQ", "description": "1. Lie on your back on a flat bench. Grip a barbell with hands slightly wider than shoulder-width.\n\n2. Press your feet firmly into the ground and keep your hips on the bench throughout the entire movement.\n\n3. Slowly lift bar off rack, if using, and lower the bar to the chest, allowing elbows to bend out to the side.\n\n4. Stop lowering when elbows are just below the bench. Press feet into the floor as you push the bar back up to return to starting position.\n", "link": "https://www.healthline.com/health/exercise-fitness/bench-press-muscles-worked#how-to"},
{"id": "7c82de46", "name": "Barbell Deadlift", "muscle": ["hamstrings", "upper back", "quadriceps"], "type": "3", "url": "https://youtu.be/2v7rj3O1o8Q", "description": "1. Stand behind the barbell with your feet shoulder-width apart. Your feet should be almost touching the bar.\n\n2. Keep your chest lifted and sink back into your hips slightly while keeping a straight back. Bend forward and grip the barbell. Keep one palm facing up and the other facing down, or both hands facing down in an overhand grip.\n\n3. As you\u2019re gripping the bar, press feet flat into the floor and sink your hips back.\n\n4. Keeping a flat back, push hips forward into a standing position. Finish standing with your legs straight, shoulders back, and knees almost locked out. The bar should be held with straight arms slightly lower than hip height.\n\n5. Return to the starting position by keeping the back straight, pushing your hips back, bending the knees, and squatting down until the bar is on the ground.\n\n6. Repeat the exercise.", "link": "https://www.healthline.com/health/fitness-exercise/deadlift-muscles-worked"},
{"id": "447e7216", "name": "Barbell Glute Bridge", "muscle": ["gluteal"], "type": "3", "url": "https://youtu.be/eQJi9ybDA9U", "description": "1. Place the barbell just above your pubic bone with a bar pad like the squat sponge.\n\n2. Keep your chin tucked and flatten your lower back against the floor to start each rep.\n\n3. Lift your toes off the floor and push through your heels to maximize glute activation.", "link": "https://www.menshealth.com/fitness/a19543618/knee-banded-barbell-glute-bridge/"},
{"id": "b8053441", "name": "Barbell Hip Thrust", "muscle": ["gluteal"], "type": "3", "url": "https://youtu.be/mvBTGx5zu5I", "description": "1. Locate a step or bench that you will use to perform the Barbell Hip Thrust on. If you are using a step, you will need to stack multiple risers (about 5-6).\n\n2. Hold the barbell with your hands about shoulder-width apart using an overhand grip. Your shoulder blades will be resting on the step or bench, and your feet should be right underneath the knees. The barbell will be resting just below the pelvic bone.\n\n3. Engage the glutes, brace your core and drive through the heels to elevate the hips up. At the top of your lift, the shoulder, hips and knees should be level. Hold for one count at the top of the lift and then slowly return to the starting position.", "link": "https://www.yourhousefitness.com/blog/how-to-do-a-barbell-hip-thrust"},
{"id": "3076e7dd", "name": "Barbell Lunges", "muscle": ["gluteal", "quadriceps"], "type": "3", "url": "https://youtu.be/I__9oV1UDv0", "description": "1. Choose an appropriate weight and place the barbell across your back.\n\n2. Step forward with your right foot and sink into a lunge, so both legs are bent with your back knee as close to the floor as possible.\n\n3. Drive yourself back up and repeat on the other side.", "link": "https://www.menshealth.com/uk/fitness/a753444/barbell-lunge/"},
{"id": "36da4a3a", "name": "Barbell Military Press", "muscle": ["deltoid", "trapezoid"], "type": "3", "url": "https://youtu.be/pBT0m6ygub0", "description": "1. Adjust the barbell to just below shoulder height then load the desired weight onto the bar.\n\n2. Assume a shoulder width stance and place your hands at (or just outside of) shoulder width with a pronated grip on the bar.\n\n3. Step underneath the bar and unrack it while keeping the spine in a neutral position.\n\n4. Take two steps back, inhale, brace, tuck the chin, then press the bar to lockout overhead.\n\n5. Exhale once the bar gets to lockout and reverse the movement slowly while controlling the bar back to your chest.\n\n6. Repeat for the desired number of repetitions.", "link": "https://www.muscleandstrength.com/exercises/military-press.html"},
{"id": "de4cdca1", "name": "Barbell Regular Grip Biceps Curl", "muscle": ["biceps"], "type": "3", "url": "https://youtu.be/QZEqB6wUPxQ", "description": "1. Stand up straight while holding a barbell in a shoulder-width grip.\n\n2. Contract your biceps to curl the weight forward. Your upper arms should remain stationary during this process.\n\n3. Continue moving the barbell until the biceps are fully contracted and the bar is at shoulder height. Hold this position for a second and then squeeze your biceps.\n\n4. Bring the barbell back to the starting position. Repeat for the desired number of reps.\n", "link": "https://www.exercise.com/exercises/barbell-curl"},
{"id": "ee73b119", "name": "Barbell Shrugs", "muscle": ["trapezoid"], "type": "3", "url": "https://youtu.be/NAqCVe2mwzM", "description": "1. Start with your feet flat on the floor, in a standing position. Your feet should be shoulder-width apart.\n\n2. With your arms at your sides, turn your palms to face each other. If you\u2019re doing the exercise with weights, bend down and grab them now.\n\n3. Bend your knees slightly so that they line up with (not past) your toes. Keep your chin up, facing straight ahead, and your neck straight.\n\n4. While you inhale, bring your shoulders as high up toward your ears as you can. Do the movement slowly so that you feel the resistance of your muscles.\n\n5. Lower your shoulders back down and breathe out before repeating the movement.", "link": "https://www.healthline.com/health/fitness-exercise/shoulder-shrugs#how-to"},
{"id": "dadd2dd5", "name": "Barbell Squats", "muscle": ["hamstrings", "quadriceps"], "type": "3", "url": "https://youtu.be/N97iZC5AhzE", "description": "1. Safely load the barbell onto your traps and shoulders. Stand with your feet shoulder-width apart, toes slightly out, core braced, and chest up.\n\n2. Initiate a basic squat movement \u2014 hips back, knees bent, ensuring they fall out, not in. Pause when your thighs reach about parallel to the ground.\n\n3. Push through your entire foot to return to start.", "link": "https://www.healthline.com/health/fitness-exercise/proper-squat-form#barbell-squats"},
{"id": "d74df4f2", "name": "Barbell Wide Grip Biceps Curl", "muscle": ["biceps"], "type": "3", "url": "https://youtu.be/QZEqB6wUPxQ", "description": "1. Stand up straight while holding a barbell in a shoulder-width grip.\n\n2. Contract your biceps to curl the weight forward. Your upper arms should remain stationary during this process.\n\n3. Continue moving the barbell until the biceps are fully contracted and the bar is at shoulder height. Hold this position for a second and then squeeze your biceps.\n\n4. Bring the barbell back to the starting position. Repeat for the desired number of reps.\n", "link": "https://www.exercise.com/exercises/barbell-curl"},
{"id": "f22dd7d2", "name": "Bent-arm Dumbbell Pullover", "muscle": ["chest"], "type": "3", "url": "https://youtu.be/qFTbq-4NGu0", "description": "1. Lie down on a flat bench.\n\n2. Hold the dumbbell in both hands above you with slightly bent arms.\n\n3. Keeping your arms bent, arc the weight back behind your head and then slowly return to the start position.", "link": "https://www.menshealth.com/uk/fitness/a753405/bent-arm-dumbbell-pull-over/"},
{"id": "600a83f5", "name": "Bent-over Barbell Row", "muscle": ["upper back"], "type": "3", "url": "https://youtu.be/vT2GjY_Umpw", "description": "1. Grab a barbell with an overhand grip, hands slightly wider than shoulder width apart. With your legs slightly bent, keep your back perfectly straight and bend your upper body until it\u2019s almost perpendicular to the floor.\n\n2. From here row the weight upwards into the lower part of your chest. Pause. And return under control to the start position.", "link": "https://www.menshealth.com/uk/building-muscle/a757301/how-to-master-the-bent-over-row/"},
{"id": "528dcbd8", "name": "Box Squats", "muscle": ["hamstrings", "quadriceps"], "type": "3", "url": "https://youtu.be/nBc_2Jyp3tM", "description": "1. Set up a box, chair, or bench. Stand a few inches away, facing away from the box with feet hip-width \napart, toes pointed straight ahead or slightly out at 15 degrees.\n\n2. If squatting with a barbell, screw pinkies into the bar to activate the lats. Keeping core engaged and chest tall, take a deep breath, hinge at the hips and bend knees to lower toward until your butt touches the box.\n\n3. Keeping the chest tall and core tight, sit down on the box.\n\n4. Push feet into the ground, squeeze glutes, and drive hips forward to press back to standing, exhaling on the way up.\n\n5. Squeeze glutes at the top (but don't thrust hips forward). That's one rep.", "link": "https://www.shape.com/fitness/workouts/strength-training/box-squats"},
{"id": "29244abb", "name": "Butt Lift (Bridge)", "muscle": ["gluteal"], "type": "2", "url": "https://youtu.be/MqQlfjQOmHA", "description": "1. Start flat on your back with your legs bent at a 90-degree angle and feet placed flat on the ground.\n\n2. Make sure your toes are turned outward at 45-degree angles and your knees are facing in the same direction as your toes.\n\n3. Drive down through your feet and push your hips up. You should feel this variation fatiguing the outer portion of your thighs.\n\n4. Make sure you keep your knees over your toes throughout the entire movement. Don\u2019t let them move forward over the toes.\n\n5. In a controlled motion, let your hips sink back down toward the ground. This completes 1 repetition.", "link": "https://www.healthline.com/health/fitness-exercise/glute-bridge-variations#Legs-pointed-outward"},
{"id": "a0d9469e", "name": "Butterfly", "muscle": ["chest"], "type": "3", "url": "https://youtu.be/WpVu2duHnQE", "description": "1. Sit up tall and relax your neck and shoulders. Your feet should be flat on the floor.\n\n2. Grab the handles so that your palms are facing forward. Note that some machines have a foot bar that you need to push in order to release the handles and bring them forward.\n\n3. Press your arms together in front of your chest with a slow, controlled movement. Keep a slight, soft bend in the elbows with wrists relaxed.\n\n4.Pause for one second once your arms are fully \"closed\" in front of your chest.\n\n5. Bring your arms slowly back to the starting position, opening your chest and keeping posture strong and upright.", "link": "https://www.verywellfit.com/how-to-use-a-chest-fly-machine-4589757"},
{"id": "37b37ab1", "name": "Calf Press On the Leg Press Machine", "muscle": ["gastro"], "type": "3", "url": "https://youtu.be/BSvWh5Ccp5o", "description": "1. Sit down at the leg press machine and rest your feet so just your toes are resting at the bottom of the platform.\n\n2. Push back as far as you can while keeping your feet against the platform.\n\n3. Return under control to the start position and repeat. ", "link": "https://www.menshealth.com/uk/fitness/a752885/seated-calf-raise-leg-press-machine/"},
{"id": "92634217", "name": "Calf-Machine Shoulder Shrug", "muscle": ["trapezoid"], "type": "3", "url": "https://youtu.be/GZQXmlnP3qw", "description": "1. Stand on the calf machine, making sure the shoulder pads are above your shoulders. Keep your torso straight with your arms positioned by your side. This is the starting position.\n\n2. Lift your shoulders up toward your ears. Exhale as you do so and hold the contraction for a second at the top.\n\n3. Inhale and slowly return to the starting position.\n", "link": "https://www.exercise.com/exercises/calf-machine-shoulder-shrug"},
{"id": "65cfb5b2", "name": "Close-grip Barbell Bench Press", "muscle": ["triceps"], "type": "3", "url": "https://youtu.be/RwcikY07r74", "description": "1. Lie on your back on a flat bench. Grip a barbell with hands slightly wider than shoulder-width.\n\n2. Press your feet firmly into the ground and keep your hips on the bench throughout the entire movement.\n\n3. Slowly lift bar off rack, if using, and lower the bar to the chest, allowing elbows to bend out to the side.\n\n4. Stop lowering when elbows are just below the bench. Press feet into the floor as you push the bar back up to return to starting position.\n", "link": "https://www.healthline.com/health/exercise-fitness/bench-press-muscles-worked#how-to"},
{"id": "4677418c", "name": "Crunch", "muscle": ["core"], "type": "2", "url": "https://youtu.be/Xyd_fa5zoEU", "description": "1. Slowly lie down on the decline bench so your legs are higher than your head, keeping your back firmly planted into the back of the bench. Place your feet in provided stirrups.\n\n2. Have a spotter help you lift the bar off the rack or grip dumbbells, if using. You should be holding the weight at chest height, arms slightly wider than shoulder height.\n\n3. Push the weight up until your arms are straight and locked out at the top.\n\n4. Slowly lower the weight back down to chest height, elbows out to the sides.\n", "link": "https://www.healthline.com/health/exercise-fitness/bench-press-muscles-worked#how-to"},
{"id": "3f012fca", "name": "Decline Barbell Bench Press", "muscle": ["chest", "triceps"], "type": "3", "url": "https://youtu.be/NM5lbuq92Aw", "description": "1. Slowly lie down on the decline bench so your legs are higher than your head, keeping your back firmly planted into the back of the bench. Place your feet in provided stirrups.\n\n2. Have a spotter help you lift the bar off the rack or grip dumbbells, if using. You should be holding the weight at chest height, arms slightly wider than shoulder height.\n\n3. Push the weight up until your arms are straight and locked out at the top.\n\n4. Slowly lower the weight back down to chest height, elbows out to the sides.\n ", "link": "https://www.healthline.com/health/exercise-fitness/bench-press-muscles-worked#how-to"},
{"id": "8b696860", "name": "Decline Dumbbell Bench Press", "muscle": ["chest", "triceps"], "type": "3", "url": "https://youtu.be/mlXPNdw2Sns", "description": "1. Slowly lie down on the decline bench so your legs are higher than your head, keeping your back firmly planted into the back of the bench. Place your feet in provided stirrups.\n\n2. Have a spotter help you lift the bar off the rack or grip dumbbells, if using. You should be holding the weight at chest height, arms slightly wider than shoulder height.\n\n3. Push the weight up until your arms are straight and locked out at the top.\n\n4. Slowly lower the weight back down to chest height, elbows out to the sides.\n", "link": "https://www.healthline.com/health/exercise-fitness/bench-press-muscles-worked#how-to"},
{"id": "1c65beb3", "name": "Decline Pushups", "muscle": ["chest", "triceps"], "type": "2", "url": "https://youtu.be/5QFjmotLfW4", "description": "1. Kneel down with your back to the bench. Put your hands on the floor, shoulders over your wrists and elbows at 45 degrees. Place your feet on top of the bench.\n\n2. Brace your core, glutes, and quads. Bend your elbows and lower your chest to the floor, keeping your back and neck straight.\n\n3. Push into the floor to return to starting position, extending your elbows.", "link": "https://www.healthline.com/health/decline-push-up"},
{"id": "cb6b813c", "name": "Dips", "muscle": ["chest", "triceps"], "type": "2", "url": "https://youtu.be/jMbLfZly08U", "description": "1. Grab the parallel bars and jump up, straighten your arms\n\n2. Lower your body by bending your arms while leaning forward\n\n3. Dip down until your shoulders are below your elbows\n\n4. Lift your body up by straightening your arms\n\n5. Lock your elbows at the top\n", "link": "https://stronglifts.com/dips/"},
{"id": "79e0433e", "name": "Dumbbell Bench Press", "muscle": ["chest", "triceps"], "type": "3", "url": "https://youtu.be/X3YrlBmjWrY", "description": "1. Lie on your back on a flat bench. Grip a barbell with hands slightly wider than shoulder-width.\n\n2. Press your feet firmly into the ground and keep your hips on the bench throughout the entire movement.\n\n3. Slowly lift bar off rack, if using, and lower the bar to the chest, allowing elbows to bend out to the side.\n\n4. Stop lowering when elbows are just below the bench. Press feet into the floor as you push the bar back up to return to starting position.\n", "link": "https://www.healthline.com/health/exercise-fitness/bench-press-muscles-worked#how-to"},
{"id": "218a291f", "name": "Dumbbell Biceps Curl", "muscle": ["biceps"], "type": "3", "url": "https://youtu.be/ykJmrZ5v0Oo", "description": "1. Begin standing tall with your feet about hip-width apart. Keep your abdominal muscles engaged.\n\n2. Hold one dumbbell in each hand. Let your arms relax down at the sides of your body with palms facing forward.\n\n3. Keeping your upper arms stable and shoulders relaxed, bend at the elbow and lift the weights so that the dumbbells approach your shoulders. Your elbows should stay tucked in close to your ribs. Exhale while lifting.\n\n4. Lower the weights to the starting position.\n\n5. Do 8\u201310 curls, then rest and do one or two more sets.\n", "link": "https://www.verywellfit.com/how-to-do-the-biceps-arm-curl-3498604"},
{"id": "dd774ec8", "name": "Dumbbell Flyers", "muscle": ["chest"], "type": "3", "url": "https://youtu.be/rNBSb6OZJfI", "description": "1. Lie flat on your back on a flat incline bench. Place your feet firmly on the floor on either side of the bench. Your head and back should remain firmly pressed into the bench throughout the exercise.\n\n2. Ask a spotter to hand you the 2 dumbbells, or gently pick them up from the floor and hold 1 in each hand.\n\n3. Lift arms up above the head so they\u2019re extended but not locked out. There should be a slight bend at your elbow, and your palms and dumbbells should be facing each other.\n\n4. Inhale and slowly lower dumbbells in an arc motion until they\u2019re in line with the chest. Your arms will be extended to the sides but not locked out. Don\u2019t drop your arms lower than your shoulders.\n\n5.  Exhale and slowly press the dumbbells up in the same arc motion.\n\n6. Perform 10\u201315 reps. Rest. Do 3 sets total. ", "link": "https://www.healthline.com/health/exercise-fitness/dumbbell-chest-fly#how-to"},
{"id": "e2827f21", "name": "Dumbbell Hammer Curl", "muscle": ["biceps"], "type": "3", "url": "https://youtu.be/LtGdGmdnfac", "description": "1. Stand with your feet shoulder-width apart and a slight bend in your knees. Hold a pair of dumbbells in your hands with your palms facing towards your body \u2013 this is the main difference from the standard curl, \nwhich you start with your palms facing forwards.\n\n2. Keeping your elbows close to your body, slowly curl the dumbbell up to your shoulders.\n\n3. Pause for a second at the top of the lift, squeeze your biceps, then lower the weights under control.", "link": "https://www.coachmag.co.uk/exercises/arm-exercises/154/hammer-curl"},
{"id": "25450e0f", "name": "Dumbbell Lunges", "muscle": ["gluteal", "quadriceps"], "type": "3", "url": "https://youtu.be/D7KaRcUTQeE", "description": "1. Stand upright with dumbbells at your side, palms facing your body. \n\n2. Lunge forward as far as you can with your right leg, bending your trailing knee so it almost brushes the floor. \n\n3. Use the heel of your right foot to push your upper body back to the starting position. \n\n4. Repeat with the opposite leg.", "link": "https://www.menshealth.com/uk/fitness/a735439/dumbbell-lunge/"},
{"id": "8f36a2bc", "name": "Dumbbell Shoulder Press", "muscle": ["deltoid", "trapezoid"], "type": "3", "url": "https://youtu.be/qEwKCR5JCog", "description": "1. Stand with feet hip-width apart, knees soft, and core engaged. Hold a dumbbell in each hand at shoulder height, just outside of shoulders with palms facing forward, and elbows pointing down.\n\n2. Exhale while pressing dumbbells directly overhead (not forward), so wrists stack directly over shoulders and biceps are next to ears. Keep core engaged.\n\n3. Reverse the movement so the dumbbells follow the same path to return to starting position.", "link": "https://www.shape.com/fitness/videos/how-to-do-perfect-dumbbell-overhead-press"},
{"id": "85ab0f0e", "name": "Dumbbell Shrugs", "muscle": ["trapezoid"], "type": "3", "url": "https://youtu.be/JEnhFC1AtHw", "description": "1. Start with your feet flat on the floor, in a standing position. Your feet should be shoulder-width apart.\n\n2. With your arms at your sides, turn your palms to face each other. If you\u2019re doing the exercise with weights, bend down and grab them now.\n\n3. Bend your knees slightly so that they line up with (not past) your toes. Keep your chin up, facing straight ahead, and your neck straight.\n\n4. While you inhale, bring your shoulders as high up toward your ears as you can. Do the movement slowly so that you feel the resistance of your muscles.\n\n5. Lower your shoulders back down and breathe out before repeating the movement.", "link": "https://www.healthline.com/health/fitness-exercise/shoulder-shrugs#how-to"},
{"id": "b8fc2dfd", "name": "EZ-bar Curl", "muscle": ["biceps"], "type": "3", "url": "https://youtu.be/zG2xJ0Q5QtI", "description": "1. Stand with your feet shoulder-width apart, knees slightly bent. \n\n2. Hold an EZ-bar in an underhand grip with your arms extended and then curl the bar up towards your chest, keeping your elbows in to your sides.", "link": "https://www.coachmag.co.uk/biceps-exercises/7123/how-to-master-the-ez-bar-curl"},
{"id": "ca9607b0", "name": "EZ-bar Triceps Extension", "muscle": ["triceps"], "type": "3", "url": "https://youtu.be/hOwZLq1VSRg", "description": "1. Lie on your back on a bench while holding a loaded EZ-Bar with an overhand grip, your hands almost shoulder-width apart. Hold the bar directly above your head with your arms fully extended.\n\n2. Keeping your elbows locked in place, lower the bar until it is about an inch above your forehead.\n\n3. Pause, then contract your triceps to return the bar to the starting position.", "link": "https://www.muscleandfitness.com/exercise/workouts/arm-exercises/lying-ez-bar-triceps-extension/"},
{"id": "e798439f", "name": "Front Barbell Raise", "muscle": ["deltoid", "trapezoid"], "type": "3", "url": "https://youtu.be/vOCQwp67gI0", "description": "1. Stand with feet about shoulder-width apart. Keep the back straight and feet planted flat on the floor. Your arms holding weights should hang down.Hold the dumbbells across the thighs horizontally, palms facing back toward the thighs. Ensure that you have a firm grip.Brace the abdominal muscles.\n\n2. Lift the weights upward, inhaling, with arms out in front and palms facing down. Keep a slight bend in the elbows to reduce the stress on the joints.\n\n3. Pause when the arms are approximately horizontal to the floor and feel the contraction in the shoulders.\n\n4. Return the dumbbells to the starting position at the thighs with a slow and controlled motion while exhaling.", "link": "https://www.verywellfit.com/how-to-do-the-dumbbell-front-raise-3498300"},
{"id": "aec2cc8b", "name": "Front Barbell Raise over the Head", "muscle": ["deltoid", "trapezoid"], "type": "3", "url": "https://youtu.be/sT2q7elpVFs", "description": "1. Select the desired weight and load it onto a barbell.\n\n2. Assume a shoulder width stance and grasp the bar at shoulder width with a pronated grip.\n\n3. Inhale, brace your abs, and raise the arms vertically while keeping the elbows nearly locked out.\n\n4. Once the arms are raised completely overhead, slowly lower the bar back to the starting position.\n\n5. Repeat for the desired number of repetitions.", "link": "https://www.muscleandstrength.com/exercises/high-barbell-front-raise.html"},
{"id": "7148c024", "name": "Front Barbell Squats", "muscle": ["hamstrings", "quadriceps"], "type": "3", "url": "https://youtu.be/-jap65_Qeq8", "description": "1. Position the barbell so it\u2019s resting on the front side of your shoulders. It you straighten your arms in front of you, the barbell shouldn\u2019t move. Again, your feet should be shoulder-width apart, toes slightly out, core braced, and chest up.\n\n2. Begin to sit back with your hips, bending the knees, and stopping when your thighs hit parallel to the ground.\n\n3. Push through your entire foot to return to start.", "link": "https://www.healthline.com/health/fitness-exercise/proper-squat-form#barbell-squats"},
{"id": "aeaa0d3b", "name": "Front Dumbbell Raise", "muscle": ["deltoid", "trapezoid"], "type": "3", "url": "https://youtu.be/-t7fuZ0KhDA", "description": "1. Stand with feet about shoulder-width apart. Keep the back straight and feet planted flat on the floor. Your arms holding weights should hang down.Hold the dumbbells across the thighs horizontally, palms facing back toward the thighs. Ensure that you have a firm grip.Brace the abdominal muscles.\n\n2. Lift the weights upward, inhaling, with arms out in front and palms facing down. Keep a slight bend in the elbows to reduce the stress on the joints.\n\n3. Pause when the arms are approximately horizontal to the floor and feel the contraction in the shoulders.\n\n4. Return the dumbbells to the starting position at the thighs with a slow and controlled motion while exhaling.", "link": "https://www.verywellfit.com/how-to-do-the-dumbbell-front-raise-3498300"},
{"id": "2d84a346", "name": "Hanging Knee Raise", "muscle": ["core"], "type": "3", "url": "https://youtu.be/KhPTiWP6lB4", "description": "1. Hang from a pull-up bar or gymnastic rings with your body straight, using an overhand grip. \n2. Bend your knees and use your lower abs to raise your legs until your thighs are parallel with the ground. \n3. Lower under control. \n4. Aim for high-rep sets to fully fatigue the target muscles, and the slower you can perform each rep \u2013 under complete control \u2013 the better the results will be and the faster you\u2019ll see them.", "link": "https://www.coachmag.co.uk/abs-exercises/6696/how-to-do-a-hanging-knee-raise"},
{"id": "860f4032", "name": "Hanging Leg Raise", "muscle": ["core"], "type": "3", "url": "https://youtu.be/Pr1ieGZ5atk", "description": "1. Grasp a pull-up bar with your hands shoulder-width apart, using an overhand (pronated) grip. \n\n2. Engage your abdominal muscles and while keeping your torso stable, slowly raise your legs, keeping them straight and driving through your glutes, until they\u2019re at 90\u00b0 with your torso. \n\n3. Slowly lower and return to the start position.Take extra care to keep your torso and hips still. A trembling torso reduces the level of stress placed on the abs, while unstable hips take the pressure off the core and place it on your hip flexors.", "link": "https://www.coachmag.co.uk/exercises/abs-workout/3657/3a-hanging-leg-raise"},
{"id": "92fed48c", "name": "Incline Crunch", "muscle": ["core"], "type": "2", "url": "https://youtu.be/lWd_nUkdSuQ", "description": "1. This exercise is performed on an inclined bench with leg supports at the top. Sit on the bench and hook your legs up to the supports.\n\n2. Lean back and stretch the abdominals. Place your arms across your chest. Raise your body towards your knees, keeping your backside on the bench.\n\n3. Contract the abdominal muscles.\n\n4. Hold for 2 seconds, then slowly go back down, but not touching the bench with your shoulders in order to keep your abdominals flexed.\n\n5. Repeat.", "link": "https://www.freetrainers.com/exercise/exercise/incline_bench_crunches/"},
{"id": "99e8a5b1", "name": "Incline barbell bench press", "muscle": ["chest", "triceps"], "type": "3", "url": "https://youtu.be/DbFgADa2PL8", "description": "1. Place feet flat on the floor as you lean back slightly so your back rests against the bench with a neutral spine.\n\n2. Start by holding dumbbells or a barbell at chest height. Palms should be facing forward, with the thumb wrapped around the handle.\n\n3. Press the weight upward over your eyes or slightly higher, elbows fully extended.\n\n4. Inhale and slowly lower dumbbells or barbell slowly and with control until they touch or reach just above the chest, elbows and wrists staying out to the sides.", "link": "https://www.healthline.com/health/exercise-fitness/bench-press-muscles-worked#how-to"},
{"id": "bc2ad993", "name": "Incline cable fly", "muscle": ["chest"], "type": "3", "url": "https://youtu.be/GtHNC-5GtR0", "description": "1. Set both pulleys as low as possible, position an incline bench in the cable station, and select the desired weight.\n\n2. Sit on the end of the bench and grasp one handle at a time. Lay back and get into position while holding the handles at chest height.\n\n3. Press the handles to lockout while flexing the pecs and extending the elbows.\n\n4. Keep a slight bend in the elbows, move entirely at the shoulder joint, and slowly allow the arms to open while the pecs stretch.\n\n5. Return to the starting position by flexing your pecs and bringing the handles together at chest height.\n\n6. Slowly lower back to the starting position and repeat for the desired number of repetitions.\n\n", "link": "https://www.muscleandstrength.com/exercises/incline-cable-flys.html"},
{"id": "ea30dba8", "name": "Incline dumbbell bench press", "muscle": ["chest", "triceps"], "type": "3", "url": "https://youtu.be/8iPEnn-ltC8", "description": "1. Place feet flat on the floor as you lean back slightly so your back rests against the bench with a neutral spine.\n\n2. Start by holding dumbbells or a barbell at chest height. Palms should be facing forward, with the thumb wrapped around the handle.\n\n3. Press the weight upward over your eyes or slightly higher, elbows fully extended.\n\n4. Inhale and slowly lower dumbbells or barbell slowly and with control until they touch or reach just above the chest, elbows and wrists staying out to the sides.", "link": "https://www.healthline.com/health/exercise-fitness/bench-press-muscles-worked#how-to"},
{"id": "3c9f2daf", "name": "Incline pushups", "muscle": ["chest", "triceps"], "type": "2", "url": "https://youtu.be/Me9bHFAxnCs", "description": "1. Stand in front of your box or bench, then squat or bend down and place both hands on either side of it with your fingers pointing forward. Your hands should be about shoulder-width apart. If you need a wider piece of equipment to safely elevate yourself, don\u2019t be shy about swapping it out.\n\n2. Once your hands are in the right position, step your body back into a plank position, one leg at a time. Make sure your body is in a straight line, your head is aligned with your spine, and that your lower back isn\u2019t sagging before continuing. Looking a few inches ahead of you, rather than down at the box, can help keep your body straight.\n\n3. Next, bend your arms to help you slowly lower your chest toward the box. Straighten your arms to bring yourself back up into a straight line. \n\n4. Repeat 10 times for 3 sets to start. You can increase the repetitions within each set as you get stronger. ", "link": "https://www.healthline.com/health/incline-pushups"},
{"id": "21dcc1c8", "name": "Kneeling Cable Crunch", "muscle": ["core"], "type": "3", "url": "https://youtu.be/NJQROeaBiVE", "description": "1. Kneel down in front of the high pulley apparatus. Use a mat if you can.Select your weight to pull down.\n\n2. Grab the rope with each hand and open it positioned at each side of your head.\n\n3. Using your torso, pull down on the rope using your hips and tensing your abs as you pull down.\n\n4. Hold for a second and then move back to starting.\n\n5. Repeat.", "link": "http://www.weakbackbuilder.com/blog/kneeling-cable-crunch-exercise/"},
{"id": "5345521b", "name": "Leg Press", "muscle": ["hamstrings", "quadriceps"], "type": "3", "url": "https://youtu.be/Lew4CdW4Ve8", "description": "1. Brace your abdominal muscles and push the platform away with your heels and forefoot. Your heels should remain flat on the footplate. The front of your foot or toes should never be used exclusively to move the pad forward.\n\n2. While exhaling, extend your legs and keep your head and back flat against the seat pad. Extend with slow control rather than with an explosive movement.\n\n3. Pause at the top of the movement. Do not lock out your knees and ensure that they are not bowing out or in.\n\n4. While inhaling, return the footplate to the starting position by gradually bending the knees. Keep the feet and back flat throughout.\n\n5. If you have never done leg presses before, start modestly with three sets of 10 leg presses. You can advance from there as you build strength.", "link": "https://www.verywellfit.com/how-to-do-the-leg-press-3498610"},
{"id": "a62c9e5c", "name": "Leverage High Row", "muscle": ["upper back", "biceps"], "type": "3", "url": "https://youtu.be/ECTf6ivNNgE", "description": "1. Sit down on the seat and place your torso up against the upright pad.\n\n2. Grasp the provided handles above with an overhand grip and arms extended so that you feel a tight stretch in your back. This is the starting position.\n\n3. Begin exercise by contracting your back muscles and pulling your elbows back behind you until your shoulder blades are pinched together.\n\n4. Slowly allow the weight to return to the starting position. Repeat as necessary.", "link": "https://www.exercise.com/exercises/hammer-strength-high-row"},
{"id": "6ad543ba", "name": "Low cable crossover", "muscle": ["chest"], "type": "3", "url": "https://youtu.be/Ub49dt2B2VI", "description": "1. Set the handles at both ends of the pulleys at the highest level. Stand in the centre of the machine with feet shoulder-width apart. \n\n2. Bend your torso forwards slightly, keeping your spine neutral and back straight, and bend your elbows slightly as well, with your wrists facing the floor. \n\n3. Keeping your core engaged, pull both handles down and across your body. \n\n4. Squeeze your chest muscles in this fully contracted position (the handles don\u2019t have to be touching). \n\n5. Slowly reverse to the start position, keeping the bend in your elbows throughout.", "link": "https://www.coachmag.co.uk/chest-exercises/7020/how-to-do-the-cable-cross-over"},
{"id": "e4385fbe", "name": "Lying Leg Curls", "muscle": ["hamstrings"], "type": "3", "url": "https://youtu.be/LxI-ec8cQYo", "description": "1. Start by lying flat on your stomach.\n\n2. Adjust the roller pad so that it rests comfortably a few inches under your calves, just above the heels. Check to make sure the pads aren't too high up\u00a0on your calves\nas this can place pressure on your Achilles tendon and reduce your range of motion.\n\n3. Stretch your legs out fully. On an inhale, lightly grasp the support handles on each side of the machine.\n\n4. Lift your feet smoothly as you exhale, keeping your hips firmly on the bench.\n\n5. Inhale as you flex your knees and pull\u00a0your ankles as close to your buttocks as you can.\n\n6. Hold this position for a beat, allowing yourself to make sure you are focused as you prepare to lower your legs.\n\n7. Inhale fully as you return your feet to starting position in a smooth, slow, controlled movement.", "link": "https://www.verywellfit.com/how-to-properly-execute-the-leg-curl-exercise-3498304"},
{"id": "1af1f89d", "name": "Lying T-Bar", "muscle": ["upper back"], "type": "3", "url": "https://youtu.be/j3Igk5nyZE4", "description": "1. Load the T-bar row machine with the weight of your choice. Adjust the leg height so that your upper chest is positioned at the top of the pad.\n\n2. Lie face down on the pad and grasp the handles on the machine.\n\n3. Lift the bar off the rack and extend your arms toward the front. This is the starting position.\n\n4. Exhale and pull the weight up slowly. Squeeze your back when you get to the top of the movement. \n\n5. Contract your muscles a second time at the top of the movement. Inhale and slowly move the \nweight back to the starting position.\n\n6. Repeat for the number of reps in your set. ", "link": "https://www.exercise.com/exercises/lying-t-bar-row"},
{"id": "9778e2fd", "name": "Machine Crunch", "muscle": ["core"], "type": "3", "url": "https://youtu.be/_O1xunCfYEM", "description": "1. Sit on the ab machine and select a slight resistance. Position your feet under the pads and grab hold of the top handles.Make sure your arms are bent at 90 degrees and rest your triceps on the pads.\n\n2. Begin lifting your legs up as you engage your abs and crunch your upper torso. Exhale as you do so.\n\n3. Pause and slowly return to starting position as you inhale.", "link": "https://workoutlabs.com/exercise-guide/ab-crunch-machine/"},
{"id": "326d9d51", "name": "Machine Triceps Extension", "muscle": ["triceps"], "type": "3", "url": "https://youtu.be/cBt1X8fwKKc", "description": "1. The first step is to adjust the seat to your height. You also need to select your weight for the machine tricep extension exercise. Let the arms rest on the pads and grasp the handles using your hands.\n\n2. The machine tricep extension movement can be carried out by extending your elbow and moving the lower arm away from the upper arm.\n\n3. When you complete each of the movements just pause and return the weight to the original position.", "link": "https://fitnessator.com/tricep-extension-machine"},
{"id": "869e4978", "name": "Mountain Climber", "muscle": ["core"], "type": "8", "url": "https://youtu.be/nmwgirgXLYM", "description": "1. Get into a plank position, making sure to distribute your weight evenly between your hands and your toes.\n\n2. Check your form\u2014your hands should be about shoulder-width apart, back flat, abs engaged, and head in alignment.\n\n3. Pull your right knee into your chest as far as you can.\n\n4. Switch legs, pulling one knee out and bringing the other knee in.\n\n5. Keep your hips down, run your knees in and out as far and as fast as you \ncan. Alternate inhaling and exhaling with each leg change.", "link": "https://www.verywellfit.com/mountain-climbers-exercise-3966947"},
{"id": "a807103d", "name": "Narrow Pushups", "muscle": ["triceps", "chest"], "type": "3", "url": "https://youtu.be/IcWPQo1i0k4", "description": "1. Start on the floor and place your hands directly under your chest, closer than shoulder-width apart.\n\n2. Begin lowering your body by bending your elbows, keeping your core tight and your back flat, until your chest grazes the floor. Keep your elbows tucked in toward your body.\n\n3.  Extend your elbows and push your body back up, using your triceps and chest.\n\n4. Repeat for as many reps as possible, for 3 sets. ", "link": "https://www.healthline.com/health/fitness-exercise/muscles-worked-push-ups#narrow"},
{"id": "bc9e7769", "name": "One Knee to Chest", "muscle": ["gluteal"], "type": "2", "url": "https://youtu.be/9hVZ4rc2_3Y", "description": "1. Lie on your back with your knees bent and your feet flat on the floor.\n\n2. Bring one knee to your chest, keeping the other foot flat on the floor (or the other leg straight, whichever feels better on your lower back). Keep your lower back pressed to the floor. Hold for at least 15 to 30 \nseconds.\n\n3. Relax and lower the knee to the starting position.\n\n4. Repeat with the other leg. Repeat 2 to 4 times with each leg.\n\n5. To get more stretch, put your other leg flat on the floor while pulling your knee to your chest.\n", "link": "https://myhealth.alberta.ca/Health/pages/conditions.aspx?hwid=sig44113&lang=en-ca"},
{"id": "10ff4292", "name": "One-Legged Cable Kickback", "muscle": ["gluteal"], "type": "3", "url": "https://youtu.be/MtHmapPafMM", "description": "1. Place a resistance band around one ankle and attach the other end to a low cable pulley.\n\n2. Support yourself by facing the pulley, standing approximately two feet away, and grabbing hold of the pulley frame.\n\n3. Holding your abs tight, bend your knees slightly and then contract your glutes as you bring the cuffed leg straight back behind you as high as you can.\n\n4. Pause momentarily while you squeeze your glutes and then return your leg slowly to the starting position.\n\n5. Repeat for a full set and then switch sides.", "link": "https://www.exercise.com/exercises/one-leg-cable-kickback"},
{"id": "d1564678", "name": "Overhead Cable Curl", "muscle": ["biceps"], "type": "3", "url": "https://youtu.be/L9GwtjwAM8Y", "description": "1. Stand up between two high pulleys and grasp a handle with each hand. Your upper arms should be positioned so that they are parallel to the floor with the palms of your hands facing you. This is the starting position for the exercise.\n\n2. Curl the handles toward you until they are positioned next to your ears. Make sure that you exhale as you flex your biceps. Hold for a second and squeeze.\n\n3. Slowly bring your arms back to the starting position.\n\n4. Repeat for the number of reps in your set.\n", "link": "https://www.exercise.com/exercises/high-cable-curl"},
{"id": "c4b22c9e", "name": "Palms Down Wrist Curl Over a Banch", "muscle": ["forearms"], "type": "3", "url": "https://youtu.be/s1MHtPsi8vY", "description": "1. With a dumbbell on each side of a flat bench, kneel down behind the flat bench, facing it.\n\n2. With your palms facing down, grasp a dummbell in each hand and raise them up to the flat bench.\n\n3. Rest your forearms against the flat bench padding with your wrists hanging off of the bench.S\n\n4. Palms still facing down, exhale as you curl your wrists up while keeping your forearms stationary.\n\n5. Inhale as you slowly and completely uncurl your wrists.\n\n6. Repeat for a full set. ", "link": "https://www.exercise.com/exercises/palms-down-dumbbell-wrist-curl"},
{"id": "d84b96f4", "name": "Palms Up Wrist Curl Over a Banch", "muscle": ["forearms"], "type": "3", "url": "https://youtu.be/dQtMZ3ZEGwU", "description": "1.  Place a dummbell on each side of the flat bench and then kneel behind the flat bench, facing it.\n\n2.  With palms up, grasp a dumbbell in each hand and bring them to the front of the flat bench so \nthat your forearms are resting against the padding and your wrists are extended past the edge of the bench. This is your starting position.\n\n3. Keeping your forearms stationary, exhale and curl your wrists upward.\n\n4. Keeping your forarms stationary, inhale and curl your wrists back down to the starting position.\n\n5. Repeat for a full set.", "link": "https://www.exercise.com/exercises/dumbbell-bench-wrist-curl"},
{"id": "9e77584f", "name": "Plank", "muscle": ["core"], "type": "8", "url": "https://youtu.be/B296mZDhrP4", "description": "1. Start on the floor on your hands and knees. Place your hands directly under your shoulders. \n\n2. Step your feet back, one at a time. For more stability, bring your feet wider than hip-distance apart, and bring them closer for more of a challenge. \n\n3. Maintain a straight line from heels through the top of your head, looking down at the floor, with gaze slightly in front of your face. \n\n4. Now, tighten your abs, quads, glutes, and hold.", "link": "https://www.womenshealthmag.com/fitness/a19983224/plank-exercise/"},
{"id": "9d5da6fa", "name": "Pull Through", "muscle": ["gluteal"], "type": "3", "url": "https://youtu.be/4oZ_0_bQcOg", "description": "1. Position the rope pulley of the cable machine station at its lowest setting. Face away from the cable machine and grab the handles of the rope pulley between your legs.Walk forward a few steps to create tension on the cable.\n\n2. Assume a shoulder width position; bend forward at the hips, keep your knees slightly bent. Maintain a flat back position all throughout the exercise.\n\n3. Tighten your core and your glutes. Take a deep breath then push your hips forward and slowly straighten out your legs. At the top position your arms must be slightly below shoulder level. Maintain the slight bend in your knees.\n\n4. Bring the rope pulley back to starting position by bending forward at the hip and maintaining a flat back. You should feel a nice, comfortable stretch in your hamstrings and lower back.\n\n5. Repeat the exercise until you have completed the targeted number of reps", "link": "https://www.exercises.com.au/cable-pull-through/"},
{"id": "1c48c8f4", "name": "Pull Ups", "muscle": ["upper back"], "type": "3", "url": "https://youtu.be/mo4V-rm7jcU", "description": "1. Start by positioning yourself under the center of a pullup bar. Reach up and grip the bar with both hands, palms facing away from you. Your arms should be extended straight overhead.\n\n2. Wrap your fingers over the bar and your thumb under the bar so that it\u2019s almost touching your fingertips.\n\n3. Make sure your hands are a little more than shoulder-width apart.\n\n4. Press your shoulders down.\n\n5. Bring your shoulder blades toward each other, as if you are trying to use them to squeeze a lemon.\n\n6. Lift your feet completely off the floor, crossing your ankles. This is called a \u201cdead hang.\u201d\n\n7. Lift your chest slightly and pull. Draw your elbows down to your body until your chin is above the bar.\n\n8. As you lower yourself back down, control your release to prevent injury.", "link": "https://www.healthline.com/health/pull-ups#how-to"},
{"id": "ded6b02b", "name": "Pushups", "muscle": ["chest", "triceps", "deltoid", "biceps", "upper back"], "type": "2", "url": "https://youtu.be/2pw3mDTkUl8", "description": "1. Start in a plank position with your pelvis tucked in, your neck neutral, and your palms directly under your shoulders. Make sure your shoulders are rotated back and down, too.\n\n2. As you brace your core and keep your back flat, begin to lower your body by bending your elbows while keeping them pointed slightly back. Lower down until your chest grazes the floor.\n\n3. Immediately extend your elbows and push your body back up to the starting position.\n\n4. Repeat for as many reps as possible, for 3 sets. ", "link": "https://www.healthline.com/health/fitness-exercise/muscles-worked-push-ups#standard"},
{"id": "9e04f410", "name": "Reck Pulls", "muscle": ["upper back"], "type": "3", "url": "https://youtu.be/u7NE34Vw81w", "description": "1. Approach the squat rack. Before you can begin the exercise, you need to set your rack height. This will be different for everyone depending on your personal height. Most people prefer to set the rack just below \nthe knee or just above the knee.\n\n2. Place the barbell on the rack and add weights. Aim for a similar amount of weight that you use for \nregular deadlifts. If you are unsure, start with a lower weight and gradually add more weight as needed.\n\n3. Get into position. Approach the bar so your toes are just under it, pointing straight ahead. Your \nfeet should be shoulder-width apart. Your back should be arched. Point your gaze straight ahead.\n\n4. Bend the knees slightly so your hands wrap around the bar. You can position your hands so that they grip the bar overhand or mixed. Your hands should be just outside of the knees.\n\n5. Once you have a comfortable grip, inhale and begin lifting the bar. As you lift, extend through the hips and knees. You will pull the weight up and back, pulling your shoulders back, until you achieve a lockout.\n\n6. Hold the weight at the top.\n\n7. Return the bar to the rack by bending your knees and lowering your upper body. Keep your back straight and continue to look forward. Exhale as you exit the position.Repeat.", "link": "https://www.verywellfit.com/how-to-do-rack-pulls-techniques-benefits-variations-4797943"},
{"id": "e151d2f2", "name": "Reverse Crunch", "muscle": ["core"], "type": "2", "url": "https://youtu.be/hyv14e2QDq0", "description": "1. Lie face up on the floor with your palms facing down. \n\n2. Bend your hips and knees 90 degrees. Raise your hips off the floor and crunch them inward. \n\n3. Pause, and then slowly lower your legs until your heels nearly touch the floor.", "link": "https://www.menshealth.com/fitness/a19548031/how-to-reverse-crunch/"},
{"id": "839f434e", "name": "Reverse Machine Flyes", "muscle": ["deltoid", "trapezoid"], "type": "3", "url": "https://youtu.be/T_dkYUgQLCY", "description": "1. Sit down with your upper body flat against the pad and your feet on the floor in front of you.\n\n2. Next, grab hold of the horizontal handles provided. This is the starting position.\n\n3. Begin exercise by contracting your rear delts and middle trap muscles while you bring your arms back.\n\n4. Keep a slight bend in your elbows as you pull the weight back. Pull weight back until your shoulder blades pinch together.\n\n5. Pause for a brief moment, then slowly return to the starting position. This completes one rep.\n", "link": "https://www.exercise.com/exercises/machine-reverse-fly"},
{"id": "c26e7955", "name": "Romanian Deadlift", "muscle": ["hamstrings"], "type": "3", "url": "https://youtu.be/JCXUYuzwNrM", "description": "1. Use an overhand grip to hold the bar at hip level.\n\n2. Draw your shoulders back and keep your spine straight.\n\n3. Push your hips back as you slowly lower the bar toward your feet.\n\n4. Press your hips forward to come into a standing position with the barbell in front of your thighs. ", "link": "https://www.healthline.com/health/romanian-deadlift-vs-deadlift#romanian-deadlift"},
{"id": "c9d053eb", "name": "Seated Calf Raise", "muscle": ["gastro"], "type": "3", "url": "https://youtu.be/JbyjNymZOt0", "description": "1. Sit down at the leg press machine and rest your feet so just your toes are resting at the bottom of the platform.\n\n2. Push back as far as you can while keeping your feet against the platform.\n\n3. Return under control to the start position and repeat. ", "link": "https://www.menshealth.com/uk/fitness/a752885/seated-calf-raise-leg-press-machine/"},
{"id": "c06ad2f0", "name": "Seated Horizontal Cable Row", "muscle": ["upper back"], "type": "3", "url": "https://youtu.be/Az8WYqsw8WA", "description": "1. Sit upright on the bench and plant your feet on the floor or foot pads, knees bent. Extend your arms and hold the handle or cable. Move your shoulders back and down. Brace your core.\n\n2. Exhale. Bend your elbows to pull the handle or cable, keeping your elbows tucked in and your back neutral. Pause for 1 second.\n\n3. Inhale and slowly extend your arms, counting to 3.\n\n4. Complete one set of 12 to 15 reps.", "link": "https://www.healthline.com/health/seated-row#standard-seated-row"},
{"id": "b688bf4a", "name": "Seated Leg Curls", "muscle": ["hamstrings"], "type": "3", "url": "https://youtu.be/NtLRgbkNPrY", "description": "1. Sit upright on a leg press machine that is adjusted to your height. Your back should be against the back pad and your feet should be on the foot rests with your thighs under the leg pads.\n\n2. Grasp the handle bars and raise your legs so that they are fully extended in front of you and parallel to the floor for your starting position.\n\n3. Exhale and lower your legs, bending at the knees, until your legs form a 90 degree angle.\n\n4. Pause for a moment and then inhale as you raise your legs back to the starting position.\n\n5. Repeat for a complete set.", "link": "https://www.exercise.com/exercises/seated-leg-curl"},
{"id": "008dca87", "name": "Seated Palms Up Wrist Curl", "muscle": ["forearms"], "type": "3", "url": "https://youtu.be/7ac_qmBjkFI", "description": "1. With a dumbbell in each hand, sit on a flat bench and plant your feet on the floor shoulder width apart. \n\n2. With palms facing up, rest your forearms against your legs and your wrists hanging right off your \nknees. This is your starting position. \n\n3. Exhaling, curl your wrists upward. \n\n4. Inhaling, uncurl your wrists and return to the starting position. \n\n5. Repeat for a complete set. ", "link": "https://www.exercise.com/exercises/palms-up-seated-dumbbell-wrist-curl"},
{"id": "e26ae732", "name": "Seated Pull-down", "muscle": ["upper back"], "type": "3", "url": "https://youtu.be/Hxt2FkoZRJk", "description": "1. Sit upright on the bench and plant your feet on the floor or foot pads, knees bent. Extend your arms and hold the handle or cable. Move your shoulders back and down. Brace your core.\n\n2. Exhale. Bend your elbows to pull the handle or cable, keeping your elbows tucked in and your back neutral. Pause for 1 second.\n\n3. Inhale and slowly extend your arms, counting to 3.\n\n4. Complete one set of 12 to 15 reps.", "link": "https://www.healthline.com/health/seated-row#standard-seated-row"},
{"id": "b0c33d37", "name": "Side Lateral Raise", "muscle": ["deltoid", "trapezoid"], "type": "3", "url": "https://youtu.be/dGsxOFuPB9Q", "description": "1. Sit on a flat bench with a dumbbell in each hand. Keep your feet shoulder width apart and sit \nupright with the dumbbells extended down by your sides, palms facing in. This is your starting position.\n\n2. Keep your elbows slightly bent and exhale as you raise the dumbbells straight out to the sides \nuntil your arms are parallel with the floor.\n\n3. Pause for a moment and then inhale as you slowly return the dumbbells to the starting position.\n\n4. Repeat for a complete set.", "link": "https://www.exercise.com/exercises/seated-side-lateral-raise"},
{"id": "8c4d6683", "name": "Single-Arm Dumbbell Row", "muscle": ["upper back"], "type": "3", "url": "https://youtu.be/pYcpY20QaE8", "description": "1. With a dumbbell on each side of a flat bench, place your right hand and your right knee on the flat bench.\n\n2. With a straight back and your stomach parallel to the weight bench, grasp the left hand side dumbbell\nwith your left hand, palm facing towards you.\n\n3. Exhaling, bring the dumbbell straight up to your chest by bending the elbow back to a 90 degree angle.\n\n4. Inhaling, lower the dumbbell until your arm is straight down and your elbow has only a slight bend.\n\n5. Repeat for a full set of repetitions and then switch sides.", "link": "https://www.exercise.com/exercises/one-arm-dumbbell-row"},
{"id": "8c2d43b0", "name": "Smith Machine Bench Press", "muscle": ["chest", "triceps"], "type": "3", "url": "https://youtu.be/z_r6hDOYtO0", "description": "1. Lie on your back on a flat bench. Grip a barbell with hands slightly wider than shoulder-width.\n\n2. Press your feet firmly into the ground and keep your hips on the bench throughout the entire movement.\n\n3. Slowly lift bar off rack, if using, and lower the bar to the chest, allowing elbows to bend out to the side.\n\n4. Stop lowering when elbows are just below the bench. Press feet into the floor as you push the bar back up to return to starting position.\n", "link": "https://www.healthline.com/health/exercise-fitness/bench-press-muscles-worked#how-to"},
{"id": "bc1091c8", "name": "Smith Machine Incline Bench Press", "muscle": ["chest", "triceps"], "type": "3", "url": "https://youtu.be/b8DqTO6ak0k", "description": "1. Place feet flat on the floor as you lean back slightly so your back rests against the bench with a neutral spine.\n\n2. Start by holding dumbbells or a barbell at chest height. Palms should be facing forward, with the thumb wrapped around the handle.\n\n3. Press the weight upward over your eyes or slightly higher, elbows fully extended.\n\n4. Inhale and slowly lower dumbbells or barbell slowly and with control until they touch or reach just above the chest, elbows and wrists staying out to the sides.", "link": "https://www.healthline.com/health/exercise-fitness/bench-press-muscles-worked#how-to"},
{"id": "0ef4afae", "name": "Squats", "muscle": ["hamstrings", "quadriceps"], "type": "2", "url": "https://youtu.be/aclHkVaku9U", "description": "1. Stand with your feet shoulder-width apart, resting your arms straight down at your sides.\n\n2. Bracing your core and keeping a proud chest, begin to push your hips back, bending your knees as if you\u2019re going to sit down. Ensure that your knees do not cave in. When your thighs are parallel to the floor, pause.\n\n3. Push up evenly through your whole foot back to the starting position.", "link": "https://www.healthline.com/health/fitness-exercise/proper-squat-form#basic-bodyweight-squat"},
{"id": "af914c24", "name": "Standing Calf Raise", "muscle": ["gastro"], "type": "3", "url": "https://youtu.be/-M4-G8p8fmc", "description": "1. Sit down at the leg press machine and rest your feet so just your toes are resting at the bottom of the platform.\n\n2. Push back as far as you can while keeping your feet against the platform.\n\n3. Return under control to the start position and repeat. ", "link": "https://www.menshealth.com/uk/fitness/a752885/seated-calf-raise-leg-press-machine/"},
{"id": "acde6600", "name": "Standing Dumbbell Upright Row", "muscle": ["deltoid", "trapezoid"], "type": "3", "url": "https://youtu.be/SO_nHq52a8o", "description": "1. Stand with your feet shoulder-width apart, holding the barbell with an overhand grip down in front of you with your arms extended. Your grip should be shoulder-width distance.\n\n2. Begin to lift the dumbbell up, pulling through your elbows and keeping the weight close to your body as you go. Stop when your elbows are level with your shoulders and the barbell is at chest level. Keep your torso upright throughout the movement.\n\n3. Pause at the top, then return to start. Repeat for the desired number of reps. ", "link": "https://www.healthline.com/health/fitness-exercise/upright-row#how-to"},
{"id": "32a33c07", "name": "Standing Overhead Barbell Extension", "muscle": ["triceps"], "type": "3", "url": "https://youtu.be/ff4fJhk9vu0", "description": "1. Stand upright with your feet shoulder width apart and a barbell grasped palms down with hands closer than shoulder width apart.\n\n2. Raise the barbell overhead and fully extend your arms. Your palms should now be facing inward and \nupward. This is your starting position.\n\n3. Keep your upper arms stationary and close to the sides of your head as you  inhale and bend \nyour arms, lowering the barbell to the back of your neck. Your elbows should be pointing upward.\n\n4. Exhale as you slowly reverse the motion and return to the starting position.\n\n5. Repeat for a complete set.", "link": "https://www.exercise.com/exercises/standing-overhead-barbell-tricep-extension"},
{"id": "b1b01e75", "name": "Standing Overhead Dumbbell Extension", "muscle": ["triceps"], "type": "3", "url": "https://youtu.be/-Vyt2QdsR7E", "description": "1. Stand upright with your feet shoulder width apart and a barbell grasped palms down with hands closer than shoulder width apart.\n\n2. Raise the barbell overhead and fully extend your arms. Your palms should now be facing inward and \nupward. This is your starting position.\n\n3. Keep your upper arms stationary and close to the sides of your head as you  inhale and bend \nyour arms, lowering the barbell to the back of your neck. Your elbows should be pointing upward.\n\n4. Exhale as you slowly reverse the motion and return to the starting position.\n\n5. Repeat for a complete set.", "link": "https://www.exercise.com/exercises/standing-overhead-barbell-tricep-extension"},
{"id": "e049e685", "name": "Standing T-Bar Row", "muscle": ["upper back"], "type": "3", "url": "https://youtu.be/j3Igk5nyZE4", "description": "1. Stand with your feet shoulder-width apart, holding the barbell with an overhand grip down in front of you with your arms extended. Your grip should be shoulder-width distance.\n\n2. Begin to lift the dumbbell up, pulling through your elbows and keeping the weight close to your body as you go. Stop when your elbows are level with your shoulders and the barbell is at chest level. Keep your torso upright throughout the movement.\n\n3. Pause at the top, then return to start. Repeat for the desired number of reps. ", "link": "https://www.healthline.com/health/fitness-exercise/upright-row#how-to"},
{"id": "b95d048f", "name": "Straight-arm dumbbell pullover", "muscle": ["chest"], "type": "3", "url": "https://youtu.be/gujh7-4SMSE", "description": "1. Position a dumbbell standing up on a flat bench.\n\n2. Making sure that the dumbbell stays in place on the top of the bench, lie perpendicular to it. Your \ntorso should be across it, as if you were forming a cross with only your shoulders lying on its surface. Your hips will be positioned below the bench and your knees will be bent with your feet firmly placed on the floor. Your head will be off the bench as well. \n\n3. Grab the dumbbell with both your hands and hold it straight over your chest with your elbows bent. \nBoth of your palms should be pressing against the underside of one side of the dumbbell. This is your starting position. \n\n4. Keeping your arms bent, lower the weight slowly in an arc behind your head. Inhale as you do so until\nyou feel a stretch on your chest. \n\n5. Next, bring the dumbbell back to the starting position using the same arc motion. Exhale while performing this movement. \n\n6. Hold the dumbbell in the initial position for a second, then repeat the process for the desired number of reps. ", "link": "https://www.exercise.com/exercises/bent-arm-dumbbell-pullover"},
{"id": "9296275f", "name": "Tricep Dumbbell Kickback", "muscle": ["triceps"], "type": "3", "url": "https://youtu.be/ZO81bExngMI", "description": "1. Hold a dumbbell in each hand with your palms facing in toward each other, keeping your knees bent slightly.\n\n2. Engage your core and maintain a straight spine as you hinge forward at the waist, bringing your torso almost parallel to the floor.\n\n3. Keep your upper arms in close to your body and your head in line with your spine, tucking your chin in slightly.\n\n4. On an exhale, engage your triceps by straightening your elbows.\n\n5. Hold your upper arms still, only moving your forearms during this movement.\n\n6. Pause here, then inhale to return the weights to the starting position.\n\n7. Do 2 to 3 sets of 10 to 15 reps.", "link": "https://www.healthline.com/health/tricep-kickbacks#how-to"},
{"id": "71d64550", "name": "Triceps Overhead Extension", "muscle": ["triceps"], "type": "3", "url": "https://youtu.be/_gsUck-7M74", "description": "1. Attach a rope handle to the high pulley of a cable station. Grab the handle and turn away from the machine with your hands at shoulder height. \n\n2. Fully extend your arms forwards and in front of your head then return under control to the start position.", "link": "https://www.menshealth.com/uk/fitness/a735542/standing-overhead-cable-triceps-extension/"},
{"id": "1d7ed485", "name": "Triceps Pulldown", "muscle": ["triceps"], "type": "3", "url": "https://youtu.be/US1wGC9ty4w", "description": "1. Feet shoulder width apart, face a high pulley machine enabled with a V-bar attachment. Grasp the \nends of the V-bar so that your palms are facing inward and your elbows are by your waist. This is your starting position. \n\n2. Keeping your body stationary, exhale as you lower the V-bar by completely extending your arms until \nthey are straight down in front of you. \n\n3. Hold for a moment and then inhale as you slowly return the V-bar to the starting position. \n\n4. Repeat for a complete set. ", "link": "https://www.exercise.com/exercises/v-bar-tricep-pushdown"},
{"id": "75d3d48f", "name": "Twist Crunch", "muscle": ["core"], "type": "2", "url": "https://youtu.be/5finWkdccSs", "description": "1. Lay flat on the floor with your feet flat on the ground and knees at a 90 degree angle. Place your hands behind your head or across your chest. Beginners should place them across the chest.\n\n2. Curl your torso towards your knees, lifting the shoulder blades off the ground. When curling up, twist so that one elbow is pointing at your knees.\n\n3. Hold the curled position and contract the abdominal muscles for 2 seconds.\n\n4. Repeat to the other side.", "link": "https://www.freetrainers.com/exercise/exercise/twisting_crunches/"},
{"id": "c8dd9712", "name": "Upright Cable Row", "muscle": ["deltoid", "trapezoid"], "type": "3", "url": "https://youtu.be/dWpHf1qOzOw", "description": "1. Stand with your feet shoulder-width apart, holding the barbell with an overhand grip down in front of you with your arms extended. Your grip should be shoulder-width distance.\n\n2. Begin to lift the dumbbell up, pulling through your elbows and keeping the weight close to your body as you go. Stop when your elbows are level with your shoulders and the barbell is at chest level. Keep your torso upright throughout the movement.\n\n3. Pause at the top, then return to start. Repeat for the desired number of reps. ", "link": "https://www.healthline.com/health/fitness-exercise/upright-row#how-to"},
{"id": "ea618296", "name": "Wide Grip Pull Ups", "muscle": ["upper back", "biceps"], "type": "3", "url": "https://youtu.be/iywjqUo5nmU", "description": "1. Reach up and grab the bar with each hand. Your thumbs should be pointing toward each other, and your grip should be wider than your body.\n\n2. When positioned correctly, your arms and torso should form a \u2018Y.\u2019 To be more specific, each arm should be 30 to 45 degrees from your body, but no more than a 45-degree angle.\n\n3. Look straight ahead and pull your body upwards towards the bar.\n\n4. Pause, then lower yourself back down to the original position.", "link": "https://www.healthline.com/health/wide-grip-pull-ups#how-to-do"},
{"id": "b4a91723", "name": "Wide pushups", "muscle": ["chest", "triceps"], "type": "2", "url": "https://youtu.be/rr6eFNNDQdU", "description": "1. Start in a plank position but with your hands out wider than your shoulders.\n\n2. Begin to lower your body by bending your elbows, keeping your core tight and \nyour back flat, until your chest grazes the floor. Elbows will flare more than in a standard pushup.\n\n3. Immediately extend your elbows and push your body back up.\n\n4. Repeat for as many reps as possible for 3 sets. ", "link": "https://www.healthline.com/health/fitness-exercise/muscles-worked-push-ups#wide"}]