{
	"deltoid": ["36da4a3a", "8f36a2bc", "e798439f", "aec2cc8b", "aeaa0d3b", "ded6b02b", "839f434e", "b0c33d37", "acde6600", "c8dd9712"],  
	"chest": ["cb955f00", "f22dd7d2", "a0d9469e", "3f012fca", "8b696860", "1c65beb3", "cb6b813c", "79e0433e", "dd774ec8", "99e8a5b1", "bc2ad993", "ea30dba8", "3c9f2daf", "6ad543ba", "a807103d", "ded6b02b", "8c2d43b0", "bc1091c8", "b95d048f", "b4a91723"],
	"biceps": ["de4cdca1", "d74df4f2", "218a291f", "e2827f21", "b8fc2dfd", "a62c9e5c", "d1564678", "ded6b02b", "ea618296"],
    "forearms": ["c4b22c9e", "d84b96f4", "008dca87"],
    "core": ["4677418c", "2d84a346", "860f4032", "92fed48c", "21dcc1c8", "9778e2fd", "869e4978", "9e77584f", "e151d2f2", "75d3d48f"],
    "quadriceps": ["7c82de46", "3076e7dd", "dadd2dd5", "528dcbd8", "25450e0f", "7148c024", "5345521b", "0ef4afae"],
    "trapezoid": ["36da4a3a", "ee73b119", "92634217", "8f36a2bc", "85ab0f0e", "e798439f", "aec2cc8b", "aeaa0d3b", "839f434e", "b0c33d37", "acde6600", "c8dd9712"],
    "triceps": ["65cfb5b2", "3f012fca", "8b696860", "1c65beb3", "cb6b813c", "79e0433e", "ca9607b0", "99e8a5b1", "ea30dba8", "3c9f2daf", "326d9d51", "a807103d", "ded6b02b", "8c2d43b0", "bc1091c8", "32a33c07", "b1b01e75", "9296275f", "71d64550", "1d7ed485", "b4a91723"],
    "upper back": ["7c82de46", "600a83f5", "a62c9e5c", "1af1f89d", "1c48c8f4", "ded6b02b", "9e04f410", "c06ad2f0", "e26ae732", "8c4d6683", "e049e685", "ea618296"],
	"lower back": ["0f27223f"],
    "gluteal": ["447e7216", "b8053441", "3076e7dd", "29244abb", "25450e0f", "bc9e7769", "10ff4292", "9d5da6fa"],
    "hamstrings": ["7c82de46", "dadd2dd5", "528dcbd8", "7148c024", "5345521b", "e4385fbe", "c26e7955", "b688bf4a", "0ef4afae"],	
    "gastro": ["37b37ab1", "c9d053eb", "af914c24"]
	
}