{
  "project_info": {
    "project_number": "732746163295",
    "firebase_url": "https://oko-sport.firebaseio.com",
    "project_id": "oko-sport",
    "storage_bucket": "oko-sport.appspot.com"
  },
  "client": [
    {
      "client_info": {
        "mobilesdk_app_id": "1:732746163295:android:4aefeb81e8022b068627ea",
        "android_client_info": {
          "package_name": "oko.sport.com"
        }
      },
      "oauth_client": [
        {
          "client_id": "732746163295-36jsvt3mtiae1qc69af6u0ls47onc9lj.apps.googleusercontent.com",
          "client_type": 3
        }
      ],
      "api_key": [
        {
          "current_key": "AIzaSyAnGNsAAx5_z_lhKyWZCeaj2pq9lFZCsn8"
        }
      ],
      "services": {
        "appinvite_service": {
          "other_platform_oauth_client": [
            {
              "client_id": "732746163295-36jsvt3mtiae1qc69af6u0ls47onc9lj.apps.googleusercontent.com",
              "client_type": 3
            }
          ]
        }
      }
    }
  ],
  "configuration_version": "1"
}